movie_code,Movie Title,Year Release
tt0499549,Avatar,2009
tt4154796,Avengers: Endgame,2019
tt0120338,Titanic,1997
tt2488496,Star Wars: Episode VII - The Force Awakens,2015
tt4154756,Avengers: Infinity War,2018
tt10872600,Spider-Man: No Way Home,2021
tt0369610,Jurassic World,2015
tt6105098,The Lion King,2019
tt0848228,The Avengers,2012
tt2820852,Furious 7,2015
tt1745960,Top Gun: Maverick,2022
tt4520988,Frozen II,2019
tt2395427,Avengers: Age of Ultron,2015
tt1825683,Black Panther,2018
tt1201607,Harry Potter and the Deathly Hallows: Part 2,2011
tt2527336,Star Wars: Episode VIII - The Last Jedi,2017
tt4881806,Jurassic World: Fallen Kingdom,2018
tt2771200,Beauty and the Beast,2017
tt2294629,Frozen,2013
tt3606756,Incredibles 2,2018
tt4630562,The Fate of the Furious,2017
tt1300854,Iron Man 3,2013
tt2293640,Minions,2015
tt3498820,Captain America: Civil War,2016
tt1477834,Aquaman,2018
tt0167260,The Lord of the Rings: The Return of the King,2003
tt6320628,Spider-Man: Far from Home,2019
tt4154664,Captain Marvel,2019
tt1399103,Transformers: Dark of the Moon,2011
tt0107290,Jurassic Park,1993
tt1074638,Skyfall,2012
tt2109248,Transformers: Age of Extinction,2014
tt1345836,The Dark Knight Rises,2012
tt7286456,Joker,2019
tt2527338,Star Wars: Episode IX - The Rise of Skywalker,2019
tt1979376,Toy Story 4,2019
tt0435761,Toy Story 3,2010
tt0383574,Pirates of the Caribbean: Dead Man's Chest,2006
tt0110357,The Lion King,1994
tt3748528,Rogue One: A Star Wars Story,2016
tt6139732,Aladdin,2019
tt1298650,Pirates of the Caribbean: On Stranger Tides,2011
tt2948356,Zootopia,2016
tt3469046,Despicable Me 3,2017
tt2277860,Finding Dory,2016
tt0120915,Star Wars: Episode I - The Phantom Menace,1999
tt1014759,Alice in Wonderland,2010
tt0241527,Harry Potter and the Sorcerer's Stone,2001
tt0903624,The Hobbit: An Unexpected Journey,2012
tt0468569,The Dark Knight,2008
tt8041270,Jurassic World: Dominion,2022
tt2283362,Jumanji: Welcome to the Jungle,2017
tt0926084,Harry Potter and the Deathly Hallows: Part 1,2010
tt1690953,Despicable Me 2,2013
tt3040964,The Jungle Book,2016
tt2310332,The Hobbit: The Battle of the Five Armies,2014
tt0449088,Pirates of the Caribbean: At World's End,2007
tt1170358,The Hobbit: The Desolation of Smaug,2013
tt9419884,Doctor Strange in the Multiverse of Madness,2022
tt0167261,The Lord of the Rings: The Two Towers,2002
tt0373889,Harry Potter and the Order of the Phoenix,2007
tt0266543,Finding Nemo,2003
tt5113044,Minions: The Rise of Gru,2022
tt0417741,Harry Potter and the Half-Blood Prince,2009
tt0298148,Shrek 2,2004
tt0295297,Harry Potter and the Chamber of Secrets,2002
tt1727824,Bohemian Rhapsody,2018
tt13462900,The Battle at Lake Changjin,2021
tt0120737,The Lord of the Rings: The Fellowship of the Ring,2001
tt0330373,Harry Potter and the Goblet of Fire,2005
tt0413300,Spider-Man 3,2007
tt2709768,The Secret Life of Pets,2016
tt1080016,Ice Age: Dawn of the Dinosaurs,2009
tt2379713,Spectre,2015
tt2250912,Spider-Man: Homecoming,2017
tt1667889,Ice Age: Continental Drift,2012
tt2975590,Batman v Superman: Dawn of Justice,2016
tt7131870,Wolf Warrior 2,2017
tt0121766,Star Wars: Episode III - Revenge of the Sith,2005
tt1951264,The Hunger Games: Catching Fire,2013
tt3896198,Guardians of the Galaxy Vol. 2,2017
tt2096673,Inside Out,2015
tt1270797,Venom,2018
tt3501632,Thor: Ragnarok,2017
tt1673434,The Twilight Saga: Breaking Dawn - Part 2,2012
tt1375666,Inception,2010
tt1055369,Transformers: Revenge of the Fallen,2009
tt0145487,Spider-Man,2002
tt0451279,Wonder Woman,2017
tt13364790,"Hi, Mom",2021
tt0116629,Independence Day,1996
tt3183660,Fantastic Beasts and Where to Find Them,2016
tt0413267,Shrek the Third,2007
tt2380307,Coco,2017
tt7975244,Jumanji: The Next Level,2019
tt0304141,Harry Potter and the Prisoner of Azkaban,2004
tt1790809,Pirates of the Caribbean: Dead Men Tell No Tales,2017
tt0083866,E.T. the Extra-Terrestrial,1982
tt4912910,Mission: Impossible - Fallout,2018
tt1190080,2012,2009
tt0367882,Indiana Jones and the Kingdom of the Crystal Skull,2008
tt0316654,Spider-Man 2,2004
tt1905041,Fast & Furious 6,2013
tt9114286,Black Panther: Wakanda Forever,2022
tt5463162,Deadpool 2,2018
tt1431045,Deadpool,2016
tt0076759,Star Wars: Episode IV - A New Hope,1977
tt2382320,No Time to Die,2021
tt0816692,Interstellar,2014
tt2015381,Guardians of the Galaxy,2014
tt1877830,The Batman,2022
tt10648342,Thor: Love and Thunder,2022
tt6806448,Fast & Furious Presents: Hobbs & Shaw,2019
tt0382625,The Da Vinci Code,2006
tt1587310,Maleficent,2014
tt0948470,The Amazing Spider-Man,2012
tt1951265,The Hunger Games: Mockingjay - Part 1,2014
tt0892791,Shrek Forever After,2010
tt1454468,Gravity,2013
tt1277953,Madagascar 3: Europe's Most Wanted,2012
tt1386697,Suicide Squad,2016
tt1877832,X-Men: Days of Future Past,2014
tt0363771,"The Chronicles of Narnia: The Lion, the Witch and the Wardrobe",2005
tt1453405,Monsters University,2013
tt0234215,The Matrix Reloaded,2003
tt1049413,Up,2009
tt10627720,Ne Zha,2019
tt5433138,F9: The Fast Saga,2021
tt1843866,Captain America: The Winter Soldier,2014
tt1324999,The Twilight Saga: Breaking Dawn - Part 1,2011
tt1259571,The Twilight Saga: New Moon,2009
tt2103281,Dawn of the Planet of the Apes,2014
tt0418279,Transformers,2007
tt1872181,The Amazing Spider-Man 2,2014
tt1396484,It,2017
tt7605074,The Wandering Earth,2019
tt1325004,The Twilight Saga: Eclipse,2010
tt1229238,Mission: Impossible - Ghost Protocol,2011
tt0795421,Mamma Mia!,2008
tt1392170,The Hunger Games,2012
tt10370822,Detective Chinatown 3,2021
tt2381249,Mission: Impossible - Rogue Nation,2015
tt0109830,Forrest Gump,1994
tt1211837,Doctor Strange,2016
tt0167404,The Sixth Sense,1999
tt0770828,Man of Steel,2013
tt0438097,Ice Age: The Meltdown,2006
tt1302011,Kung Fu Panda 2,2011
tt3521164,Moana,2016
tt0974015,Justice League,2017
tt2245084,Big Hero 6,2014
tt4123430,Fantastic Beasts: The Crimes of Grindelwald,2018
tt0325980,Pirates of the Caribbean: The Curse of the Black Pearl,2003
tt1409024,Men in Black 3,2012
tt0121765,Star Wars: Episode II - Attack of the Clones,2002
tt1951266,The Hunger Games: Mockingjay - Part 2,2015
tt1981115,Thor: The Dark World,2013
tt3470600,Sing,2016
tt0441773,Kung Fu Panda,2008
tt0317705,The Incredibles,2004
tt3659388,The Martian,2015
tt0448157,Hancock,2008
tt16194408,Water Gate Bridge,2022
tt1596343,Fast Five,2011
tt1228705,Iron Man 2,2010
tt0382932,Ratatouille,2007
tt5095030,Ant-Man and the Wasp,2018
tt1646971,How to Train Your Dragon 2,2014
tt3315342,Logan,2017
tt0119567,The Lost World: Jurassic Park,1997
tt0381061,Casino Royale,2006
tt0335345,The Passion of the Christ,2004
tt0454876,Life of Pi,2012
tt3371366,Transformers: The Last Knight,2017
tt0479952,Madagascar: Escape 2 Africa,2008
tt0407304,War of the Worlds,2005
tt0398286,Tangled,2010
tt0830515,Quantum of Solace,2008
tt0119654,Men in Black,1997
tt0481499,The Croods,2013
tt1411697,The Hangover Part II,2011
tt0371746,Iron Man,2008
tt0480249,I Am Legend,2007
tt1677720,Ready Player One,2018
tt0198781,"Monsters, Inc.",2001
tt6878882,Operation Red Sea,2018
tt0477347,Night at the Museum,2006
tt2322441,Fifty Shades of Grey,2015
tt3731562,Kong: Skull Island,2017
tt0472181,The Smurfs,2011
tt1216475,Cars 2,2011
tt0360717,King Kong,2005
tt0448694,Puss in Boots,2011
tt4701660,The Mermaid,2016
tt0120591,Armageddon,1998
tt0319262,The Day After Tomorrow,2004
tt1637725,Ted,2012
tt2179136,American Sniper,2014
tt0120755,Mission: Impossible II,2000
tt7752454,Detective Chinatown 2,2018
tt3385516,X-Men: Apocalypse,2016
tt1515091,Sherlock Holmes: A Game of Shadows,2011
tt1323594,Despicable Me,2010
tt1661199,Cinderella,2015
tt0351283,Madagascar,2005
tt0816711,World War Z,2013
tt1217209,Brave,2012
tt0080684,Star Wars: Episode V - The Empire Strikes Back,1980
tt0462538,The Simpsons Movie,2007
tt1663202,The Revenant,2015
tt4779682,The Meg,2018
tt5848272,Ralph Breaks the Internet,2018
tt5220122,Hotel Transylvania 3: Summer Vacation,2018
tt3874544,The Boss Baby,2017
tt5013056,Dunkirk,2017
tt0831387,Godzilla,2014
tt2386490,How to Train Your Dragon: The Hidden World,2019
tt0988045,Sherlock Holmes,2009
tt0290002,Meet the Fockers,2004
tt0910970,WALLúE,2008
tt2267968,Kung Fu Panda 3,2016
tt0103064,Terminator 2: Judgment Day,1991
tt0478970,Ant-Man,2015
tt2709692,The Grinch,2018
tt7097896,Venom: Let There Be Carnage,2021
tt0099653,Ghost,1990
tt0103639,Aladdin,1992
tt2357291,Rio 2,2014
tt0332452,Troy,2004
tt0120363,Toy Story 2,1999
tt0892769,How to Train Your Dragon,2010
tt0117998,Twister,1996
tt1623205,Oz the Great and Powerful,2013
tt0800320,Clash of the Titans,2010
tt4777008,Maleficent: Mistress of Evil,2019
tt3450958,War for the Planet of the Apes,2017
tt0126029,Shrek,2001
tt0356910,Mr. & Mrs. Smith,2005
tt0808151,Angels & Demons,2009
tt1291150,Teenage Mutant Ninja Turtles,2014
tt0315327,Bruce Almighty,2003
tt1436562,Rio,2011
tt0120815,Saving Private Ryan,1998
tt1318514,Rise of the Planet of the Apes,2011
tt0099785,Home Alone,1990
tt0073195,Jaws,1975
tt2510894,Hotel Transylvania 2,2015
tt0086190,Star Wars: Episode VI - Return of the Jedi,1983
tt0367594,Charlie and the Chocolate Factory,2005
tt0097576,Indiana Jones and the Last Crusade,1989
tt2126355,San Andreas,2015
tt7349950,It Chapter Two,2019
tt3783958,La La Land,2016
tt1772341,Wreck-It Ralph,2012
tt5034838,Godzilla vs. Kong,2021
tt1119646,The Hangover,2009
tt2872732,Lucy,2014
tt1490017,The Lego Movie,2014
tt4701182,Bumblebee,2018
tt1408101,Star Trek Into Darkness,2013
tt0133093,The Matrix,1999
tt0172495,Gladiator,2000
tt0100405,Pretty Woman,1990
tt0317219,Cars,2006
tt7294150,The Eight Hundred,2020
tt0376994,X-Men: The Last Stand,2006
tt14557302,Moon Man,2022
tt0465234,National Treasure: Book of Secrets,2007
tt0117060,Mission: Impossible,1996
tt0416449,300,2007
tt0325710,The Last Samurai,2003
tt11032374,Demon Slayer the Movie: Mugen Train,2020
tt7362036,Dying to Survive,2018
tt0240772,Ocean's Eleven,2001
tt10147382,"My People, My Country",2019
tt0800369,Thor,2011
tt0213149,Pearl Harbor,2001
tt0120855,Tarzan,1999
tt0120912,Men in Black II,2002
tt0440963,The Bourne Ultimatum,2007
tt0209163,The Mummy Returns,2001
tt1231580,Alvin and the Chipmunks: The Squeakquel,2009
tt1707386,Les Mis‚rables,2012
tt1630029,Avatar: The Way of Water,2022
tt0070047,The Exorcist,1973
tt0107614,Mrs. Doubtfire,1993
tt1340138,Terminator Genisys,2015
tt0803096,Warcraft,2016
tt1517451,A Star Is Born,2018
tt1485796,The Greatest Showman,2017
tt0181852,Terminator 3: Rise of the Machines,2003
tt5884052,Pok‚mon Detective Pikachu,2019
tt9376612,Shang-Chi and the Legend of the Ten Rings,2021
tt0246460,Die Another Day,2002
tt5113040,The Secret Life of Pets 2,2019
tt0162222,Cast Away,2000
tt2231461,Rampage,2018
tt1504320,The King's Speech,2010
tt0242653,The Matrix Revolutions,2003
tt1675434,The Intouchables,2011
tt1502397,Bad Boys for Life,2020
tt1853728,Django Unchained,2012
tt0101414,Beauty and the Beast,1991
tt0099348,Dances with Wolves,1990
tt12363162,"My People, My Homeland",2020
tt0499448,The Chronicles of Narnia: Prince Caspian,2008
tt1000774,Sex and the City,2008
tt10218664,The Captain,2019
tt0120616,The Mummy,1999
tt0980970,The Chronicles of Narnia: The Voyage of the Dawn Treader,2010
tt4196776,Jason Bourne,2016
tt1392190,Mad Max: Fury Road,2015
tt1430132,The Wolverine,2013
tt2802144,Kingsman: The Secret Service,2015
tt1078912,Night at the Museum: Battle of the Smithsonian,2009
tt0096895,Batman,1989
tt0103855,The Bodyguard,1992
tt1663662,Pacific Rim,2013
tt4649466,Kingsman: The Golden Circle,2017
tt2345759,The Mummy,2017
tt3416828,Ice Age: Collision Course,2016
tt1099212,Twilight,2008
tt0286106,Signs,2002
tt0290334,X2: X-Men United,2003
tt6467266,Sing 2,2021
tt0993846,The Wolf of Wall Street,2013
tt4123432,Fantastic Beasts: The Secrets of Dumbledore,2022
tt0437086,Alita: Battle Angel,2019
tt0859163,The Mummy: Tomb of the Dragon Emperor,2008
tt1446714,Prometheus,2012
tt12412888,Sonic the Hedgehog 2,2022
tt0031381,Gone with the Wind,1939
tt6911608,Mamma Mia! Here We Go Again,2018
tt9032400,Eternals,2021
tt1160419,Dune,2021
tt1464335,Uncharted,2022
tt1104001,Tron: Legacy,2010
tt0317919,Mission: Impossible III,2006
tt1735898,Snow White and the Huntsman,2012
tt0077631,Grease,1978
tt0114709,Toy Story,1995
tt3778644,Solo: A Star Wars Story,2018
tt0348150,Superman Returns,2006
tt6443346,Black Adam,2022
tt0102798,Robin Hood: Prince of Thieves,1991
tt0082971,Indiana Jones and the Raiders of the Lost Ark,1981
tt1628841,Independence Day: Resurgence,2016
tt0337978,Live Free or Die Hard,2007
tt3781476,Monster Hunt,2015
tt3741700,Godzilla: King of the Monsters,2019
tt2224026,Home,2015
tt0796366,Star Trek,2009
tt8579674,1917,2019
tt0366548,Happy Feet,2006
tt4633694,Spider-Man: Into the Spider-Verse,2018
tt3606752,Cars 3,2017
tt0088763,Back to the Future,1985
tt0268380,Ice Age,2002
tt4465564,Fifty Shades Darker,2017
tt0892782,Monsters vs. Aliens,2009
tt3480822,Black Widow,2021
tt0120685,Godzilla,1998
tt0111503,True Lies,1994
tt1010048,Slumdog Millionaire,2008
tt7131622,Once Upon a Time in Hollywood,2019
tt1397280,Taken 2,2012
tt1583421,G.I. Joe: Retaliation,2013
tt0307453,Shark Tale,2004
tt0207201,What Women Want,2000
tt0983193,The Adventures of Tintin,2011
tt0372784,Batman Begins,2005
tt1911658,Penguins of Madagascar,2014
tt0458525,X-Men Origins: Wolverine,2009
tt0385752,The Golden Compass,2007
tt4477536,Fifty Shades Freed,2018
tt0386588,Hitch,2005
tt0438488,Terminator Salvation,2009
tt0458339,Captain America: The First Avenger,2011
tt1631867,Edge of Tomorrow,2014
tt0129387,There's Something About Mary,1998
tt2267998,Gone Girl,2014
tt0106977,The Fugitive,1993
tt0163025,Jurassic Park III,2001
tt0259446,My Big Fat Greek Wedding,2002
tt8529186,Hello Mr. Billionaire,2018
tt0112864,Die Hard with a Vengeance,1995
tt0448115,Shazam!,2019
tt5814060,The Nun,2018
tt0952640,Alvin and the Chipmunks,2007
tt6723592,Tenet,2020
tt0125439,Notting Hill,1999
tt0120623,A Bug's Life,1998
tt2692250,Night at the Museum: Secret of the Tomb,2014
tt0349903,Ocean's Twelve,2004
tt0133152,Planet of the Apes,2001
tt1951261,The Hangover Part III,2013
tt0143145,The World Is Not Enough,1999
tt6170484,Monster Hunt 2,2018
tt1013752,Fast & Furious,2009
tt1959490,Noah,2014
tt1155076,The Karate Kid,2010
tt0104431,Home Alone 2: Lost in New York,1992
tt0837562,Hotel Transylvania,2012
tt0181689,Minority Report,2002
tt5311514,Your Name.,2016
tt0092099,Top Gun,1986
tt0918940,The Legend of Tarzan,2016
tt0169547,American Beauty,1999
tt0245429,Spirited Away,2001
tt0112384,Apollo 13,1995
tt0095953,Rain Man,1988
tt1343092,The Great Gatsby,2013
tt3861390,Dumbo,2019
tt0343818,"I, Robot",2004
tt0103772,Basic Instinct,1992
tt3402236,Murder on the Orient Express,2017
tt1270798,X-Men: First Class,2011
tt1985949,The Angry Birds Movie,2016
tt0113189,GoldenEye,1995
tt0264464,Catch Me If You Can,2002
tt1670345,Now You See Me,2013
tt0212985,Hannibal,2001
tt0110475,The Mask,1994
tt5117670,Peter Rabbit,2018
tt0111257,Speed,1994
tt0130623,Dinosaur,2000
tt5028340,Mary Poppins Returns,2018
tt0120647,Deep Impact,1998
tt1482459,The Lorax,2012
tt1790864,The Maze Runner,2014
tt2017020,The Smurfs 2,2013
tt0368891,National Treasure,2004
tt0266915,Rush Hour 2,2001
tt1679335,Trolls,2016
tt1293847,xXx: Return of Xander Cage,2017
tt0114148,Pocahontas,1995
tt0170016,How the Grinch Stole Christmas,2000
tt2660888,Star Trek Beyond,2016
tt1615918,Alvin and the Chipmunks: Chipwrecked,2011
tt0493464,Wanted,2008
tt0109813,The Flintstones,1994
tt6644200,A Quiet Place,2018
tt0461770,Enchanted,2007
tt0327084,Over the Hedge,2006
tt1253863,300: Rise of an Empire,2014
tt0112462,Batman Forever,1995
tt0473075,Prince of Persia: The Sands of Time,2009
tt0421715,The Curious Case of Benjamin Button,2008
tt1397514,Journey 2: The Mysterious Island,2012
tt0117500,The Rock,1996
tt2034800,The Great Wall,2016
tt3110958,Now You See Me 2,2016
tt7431894,Never Say Die,2017
tt0120667,Fantastic Four,2005
tt0087469,Indiana Jones and the Temple of Doom,1984
tt0120347,Tomorrow Never Dies,1997
tt0096874,Back to the Future Part II,1989
tt1979388,The Good Dinosaur,2015
tt6264654,Free Guy,2021
tt2294449,22 Jump Street,2014
tt0212338,Meet the Parents,2000
tt0096438,Who Framed Roger Rabbit,1988
tt0947798,Black Swan,2010
tt0177971,The Perfect Storm,2000
tt6146586,John Wick: Chapter 3 - Parabellum,2019
tt0090555,Crocodile Dundee,1986
tt6660238,Crazy Alien,2019
tt0114369,Se7en,1995
tt0458352,The Devil Wears Prada,2006
tt2446042,Taken 3,2015
tt0116583,The Hunchback of Notre Dame,1996
tt1067106,A Christmas Carol,2009
tt2279373,The SpongeBob Movie: Sponge Out of Water,2015
tt0108052,Schindler's List,1993
tt1001526,Megamind,2010
tt3065204,The Conjuring 2,2016
tt6966692,Green Book,2018
tt0104714,Lethal Weapon 3,1992
tt0955308,Robin Hood,2010
tt0361748,Inglourious Basterds,2009
tt0115433,101 Dalmatians,1996
tt1457767,The Conjuring,2013
tt0093010,Fatal Attraction,1987
tt3794354,Sonic the Hedgehog,2020
tt0938283,The Last Airbender,2010
tt1041829,The Proposal,2009
tt0268978,A Beautiful Mind,2001
tt0086960,Beverly Hills Cop,1984
tt0338348,The Polar Express,2004
tt0118571,Air Force One,1997
tt2543472,Wonder,2017
tt1764651,The Expendables 2,2012
tt0371606,Chicken Little,2005
tt0119822,As Good as It Gets,1997
tt8946378,Knives Out,2019
tt4046784,Maze Runner: The Scorch Trials,2015
tt2592614,Resident Evil: The Final Chapter,2016
tt4116284,The Lego Batman Movie,2017
tt0145660,Austin Powers: The Spy Who Shagged Me,1999
tt0496806,Ocean's Thirteen,2007
tt0970866,Little Fockers,2010
tt0397892,Bolt,2008
tt0117438,Ransom,1996
tt0163187,Runaway Bride,1999
tt0878804,The Blind Side,2009
tt7830888,The Ex-File 3: The Return of The Exes,2017
tt2582846,The Fault in Our Stars,2014
tt0454921,The Pursuit of Happyness,2006
tt1446192,Rise of the Guardians,2012
tt0075860,Close Encounters of the Third Kind,1977
tt0299658,Chicago,2002
tt5140878,Annabelle: Creation,2017
tt1478338,Bridesmaids,2011
tt5758778,Skyscraper,2018
tt1606378,A Good Day to Die Hard,2013
tt0120762,Mulan,1998
tt5074352,Dangal,2016
tt1355644,Passengers,2016
tt1440129,Battleship,2012
tt0119528,Liar Liar,1997
tt1046173,G.I. Joe: The Rise of Cobra,2009
tt1646987,Wrath of the Titans,2012
tt0486576,Fantastic Four: Rise of the Silver Surfer,2007
tt0102057,Hook,1991
tt0078346,Superman,1978
tt0089927,Rocky IV,1985
tt0089880,Rambo: First Blood Part II,1985
tt1220634,Resident Evil: Afterlife,2010
tt0338526,Van Helsing,2004
tt0164912,Stuart Little,1999
tt0092644,Beverly Hills Cop II,1987
tt2567026,Alice Through the Looking Glass,2016
tt0119738,My Best Friend's Wedding,1997
tt0433035,Real Steel,2011
tt0451079,Horton Hears a Who!,2008
tt5164214,Ocean's Eight,2018
tt8332922,A Quiet Place Part II,2021
tt2908446,The Divergent Series: Insurgent,2015
tt0097778,Look Who's Talking,1989
tt0295178,Austin Powers in Goldmember,2002
tt0087332,Ghostbusters,1984
tt1935859,Miss Peregrine's Home for Peculiar Children,2016
tt0120903,X-Men,2000
tt3411444,Ferdinand,2017
tt1130884,Shutter Island,2010
tt0118998,Doctor Dolittle,1998
tt0389790,Bee Movie,2007
tt0944835,Salt,2010
tt0436339,G-Force,2009
tt0407887,The Departed,2006
tt0161081,What Lies Beneath,2000
tt2557478,Pacific Rim: Uprising,2018
tt0372183,The Bourne Supremacy,2004
tt1261945,Sex and the City 2,2010
tt0138097,Shakespeare in Love,1998
tt1840309,Divergent,2014
tt0094898,Coming to America,1988
tt0396269,Wedding Crashers,2005
tt4500922,Maze Runner: The Death Cure,2018
tt0112642,Casper,1995
tt0252866,American Pie 2,2001
tt2848292,Pitch Perfect 2,2015
tt0120689,The Green Mile,1999
tt1483013,Oblivion,2013
tt1535108,Elysium,2013
tt3704428,Elvis,2022
tt0122151,Lethal Weapon 4,1998
tt0401729,John Carter,2012
tt1860353,Turbo,2013
tt1109624,Paddington,2014
tt0243155,Bridget Jones's Diary,2001
tt1243957,The Tourist,2010
tt4972582,Split,2017
tt0175142,Scary Movie,2000
tt0295701,xXx,2002
tt1194173,The Bourne Legacy,2012
tt0864835,Mr. Peabody & Sherman,2014
tt0267913,Scooby-Doo,2002
tt0443272,Lincoln,2012
tt0146316,Lara Croft: Tomb Raider,2001
tt1365519,Tomb Raider,2018
tt1320253,The Expendables,2010
tt1985966,Cloudy with a Chance of Meatballs 2,2013
tt0117218,The Nutty Professor,1996
tt0116695,Jerry Maguire,1996
tt0172156,Bad Boys II,2003
tt0275847,Lilo & Stitch,2002
tt0102926,The Silence of the Lambs,1991
tt1375670,Grown Ups,2010
tt2004420,Neighbors,2014
tt0106918,The Firm,1993
tt1723121,We're the Millers,2012
tt1205489,Gran Torino,2008
tt0443649,"10,000 BC",2008
tt0765429,American Gangster,2007
tt0848537,Epic,2013
tt1528100,Exodus: Gods and Kings,2014
tt1856101,Blade Runner 2049,2017
tt0034492,Bambi,1942
tt0780521,The Princess and the Frog,2009
tt0103776,Batman Returns,1992
tt0107211,Indecent Proposal,1993
tt0337741,Something's Gotta Give,2003
tt0317198,Bridget Jones: The Edge of Reason,2004
tt0800080,The Incredible Hulk,2008
tt0114898,Waterworld,1995
tt0120382,The Truman Show,1998
tt0160127,Charlie's Angels,2000
tt0119116,The Fifth Element,1997
tt0113497,Jumanji,1995
tt6751668,Parasite,2019
tt0443453,Borat,2006
tt0358082,Robots,2005
tt1013743,Knight and Day,2008
tt0100802,Total Recall,1990
tt1477715,This Is It,2009
tt6450804,Terminator: Dark Fate,2019
tt1210819,The Lone Ranger,2013
tt1650062,Super 8,2011
tt1502407,Halloween,2018
tt4276752,Mojin: The Lost Legend,2015
tt0305357,Charlie's Angels: Full Throttle,2003
tt0293564,Rush Hour 3,2007
tt0119164,The Full Monty,1997
tt4217392,Kung Fu Yoga,2017
tt3322940,Annabelle,2014
tt2953050,Encanto,2021
tt0368447,The Village,2003
tt4242158,Lost in Hong Kong,2015
tt0195685,Erin Brockovich,2000
tt6857112,Us,2019
tt9597190,Pegasus,2019
tt5052448,Get Out,2016
tt0822832,Marley & Me,2008
tt0106582,Cliffhanger,1993
tt4849438,Baahubali 2: The Conclusion,2017
tt0112431,Babe,1995
tt2283336,Men in Black: International,2019
tt0486946,Wild Hogs,2007
tt0962726,High School Musical 3: Senior Year,2008
tt0119282,Hercules,1997
tt6565702,X-Men: Dark Phoenix,2019
tt1403865,True Grit,2010
tt6673612,Dolittle,2020
tt0118689,Bean,1997
tt1800241,American Hustle,2013
tt0120660,Enemy of the State,1998
tt0128853,You've Got Mail,1998
tt0449010,Eragon,2006
tt0328880,Brother Bear,2003
tt0068646,The Godfather,1972
tt0120746,The Mask of Zorro,1998
tt8115900,The Bad Guys,2022
tt0298130,The Ring,2002
tt0185937,The Blair Witch Project,1999
tt0217869,Unbreakable,2000
tt5273624,Journey to the West: The Demons Strike Back,2017
tt0109686,Dumb and Dumber,1994
tt0314331,Love Actually,2003
tt6823368,Glass,2019
tt2191701,Grown Ups 2,2013
tt2452042,The Peanuts Movie,2015
tt1192628,Rango,2011
tt0109831,Four Weddings and a Funeral,1994
tt0119094,Face/Off,1997
tt3949660,Teenage Mutant Ninja Turtles: Out of the Shadows,2016
tt1077368,Dark Shadows,2012
tt0286716,Hulk,2003
tt10218674,The Bravest,2019
tt1064932,Welcome to the Sticks,2008
tt0099088,Back to the Future Part III,1990
tt2120120,Pixels,2015
tt1267297,Hercules,2014
tt0120812,Rush Hour,1998
tt0373051,Journey to the Center of the Earth,2008
tt1815862,After Earth,2013
tt0104257,A Few Good Men,1992
tt0844471,Cloudy with a Chance of Meatballs,2009
tt0298203,8 Mile,2002
tt1528854,Daddy's Home,2015
tt1234721,RoboCop,2014
tt0116213,Eraser,1996
tt2316204,Alien: Covenant,2017
tt3263904,Sully,2016
tt2094766,Assassin's Creed,2016
tt0389860,Click,2006
tt11177804,Legend of Deification,2020
tt1855325,Resident Evil: Retribution,2012
tt0099423,Die Hard 2,1990
tt0092493,Crocodile Dundee II,1988
tt12593682,Bullet Train,2022
tt1691917,Planes,2013
tt3104988,Crazy Rich Asians,2018
tt0118688,Batman & Robin,1997
tt0347149,Howl's Moving Castle,2004
tt1320261,Gulliver's Travels,2010
tt0187078,Gone in 60 Seconds,2000
tt0076666,Saturday Night Fever,1977
tt1045658,Silver Linings Playbook,2012
tt0322259,2 Fast 2 Furious,2003
tt4846340,Hidden Figures,2016
tt0212720,A.I. Artificial Intelligence,2001
tt0097165,Dead Poets Society,1989
tt3079380,Spy,2015
tt0163651,American Pie,1999
tt1605630,American Reunion,2012
tt0142342,Big Daddy,1999
tt2974918,Alvin and the Chipmunks: The Road Chip,2015
tt2084970,The Imitation Game,2014
tt3228774,Cruella,2021
tt0970416,The Day the Earth Stood Still,2008
tt0328828,American Wedding,2003
tt1568346,The Girl with the Dragon Tattoo,2011
tt0467406,Juno,2007
tt1024648,Argo,2012
tt0453451,Mr. Bean's Holiday,2007
tt0116209,The English Patient,1996
tt0105417,Sister Act,1992
tt8350360,Annabelle Comes Home,2019
tt0360486,Constantine,2005
tt0425061,Get Smart,2008
tt0117705,Space Jam,1996
tt0118799,Life Is Beautiful,1998
tt2404463,The Heat,2013
tt1289401,Ghostbusters,2016
tt0259324,Ghost Rider,2007
tt5061814,Goodbye Mr. Loser,2015
tt4468740,Paddington 2,2017
tt0108160,Sleepless in Seattle,1993
tt0097733,Lethal Weapon 2,1989
tt0990407,The Green Hornet,2011
tt0089755,Out of Africa,1985
tt6654316,Youth,2017
tt3890160,Baby Driver,2017
tt1253864,Immortals,2011
tt0936501,Taken,2008
tt0814255,Percy Jackson & the Olympians: The Lightning Thief,2010
tt10298810,Lightyear,2022
tt1428538,Hansel & Gretel: Witch Hunters,2013
tt0319343,Elf,2003
tt2239822,Valerian and the City of a Thousand Planets,2017
tt0119217,Good Will Hunting,1997
tt9586294,Better Days,2019
tt1950186,Ford v Ferrari,2019
tt0489099,Jumper,2008
tt1285016,The Social Network,2010
tt0120630,Chicken Run,2000
tt0118880,Con Air,1997
tt0110148,Interview with the Vampire: The Vampire Chronicles,1994
tt0408790,Flightplan,2005
tt1068680,Yes Man,2008
tt2024469,Non-Stop,2014
tt0097523,"Honey, I Shrunk the Kids",1989
tt0361596,Fahrenheit 9/11,2004
tt0120891,Wild Wild West,1999
tt15465312,"My Country, My Parents",2021
tt1981128,Geostorm,2017
tt0100404,Presumed Innocent,1990
tt0870154,Jungle Cruise,2021
tt0306047,Scary Movie 3,2003
tt0369339,Collateral,2004
tt3062096,Inferno,2016
tt0478311,Knocked Up,2007
tt1133985,Green Lantern,2011
tt1033643,What Happens in Vegas,2008
tt1230414,It's Complicated,2009
tt0362227,The Terminal,2004
tt3281548,Little Women,2019
tt1535109,Captain Phillips,2013
tt0120794,The Prince of Egypt,1998
tt0790724,Jack Reacher,2012
tt0320661,Kingdom of Heaven,2005
tt4877122,The Emoji Movie,2017
tt16254308,Too Cool to Kill,2022
tt0829150,Dracula Untold,2014
tt1489889,Central Intelligence,2016
tt0405159,Million Dollar Baby,2004
tt1454029,The Help,2011
tt0096320,Twins,1988
tt0817230,Valentine's Day,2010
tt1284575,Bad Teacher,2011
tt15474916,Smile,2022
tt12497408,A Little Red Flower,2020
tt2850386,The Croods: A New Age,2020
tt0109444,Clear and Present Danger,1994
tt0055254,One Hundred and One Dalmatians,1961
tt2637276,Ted 2,2015
tt0103874,Dracula,1992
tt0190865,Vertical Limit,2000
tt0097428,Ghostbusters II,1989
tt0187393,The Patriot,2000
tt0963966,The Sorcerer's Apprentice,2010
tt1564367,Just Go with It,2011
tt2333784,The Expendables 3,2014
tt0092890,Dirty Dancing,1987
tt6343314,Creed II,2018
tt6182908,Smallfoot,2018
tt1152836,Public Enemies,2009
tt0258463,The Bourne Identity,2002
tt0109635,Disclosure,1994
tt0110912,Pulp Fiction,1994
tt0338751,The Aviator,2004
tt0190332,"Crouching Tiger, Hidden Dragon",2000
tt0112573,Braveheart,1995
tt2180411,Into the Woods,2014
tt0960731,Bedtime Stories,2008
tt0212346,Miss Congeniality,2000
tt0137494,Entrapment,1999
tt0112281,Ace Ventura: When Nature Calls,1995
tt0146675,End of Days,1999
tt1473832,Bridget Jones's Baby,2016
tt2713180,Fury,2014
tt1217613,Battle Los Angeles,2011
tt0455824,Australia,2008
tt1231583,Due Date,2010
tt0311113,Master and Commander: The Far Side of the World,2003
tt0339291,A Series of Unfortunate Events,2004
tt0097757,The Little Mermaid,1989
tt15783462,Nice View,2022
tt1136608,District 9,2009
tt0079574,Moonraker,1979
tt0230600,The Others,2001
tt1499658,Horrible Bosses,2011
tt8033592,Us and Them,2018
tt0289765,Red Dragon,2002
tt1964418,Tomorrowland,2015
tt2674426,Me Before You,2016
tt1599348,Safe House,2012
tt0257076,S.W.A.T.,2003
tt0232500,The Fast and the Furious,2001
tt0181865,Traffic,2000
tt1778304,Paranormal Activity 3,2011
tt0107818,Philadelphia,1993
tt7069210,The Conjuring: The Devil Made Me Do It,2021
tt0162661,Sleepy Hollow,1999
tt0457939,The Holiday,2006
tt0061852,The Jungle Book,1967
tt8165192,Raging Fire,2021
tt3300542,London Has Fallen,2016
tt0452594,The Break-Up,2006
tt2017561,Journey to the West,2013
tt1142988,The Ugly Truth,2009
tt0102138,JFK,1991
tt2334879,White House Down,2013
tt7713068,Birds of Prey,2020
tt1753383,A Dog's Purpose,2017
tt0876563,Ponyo,2008
tt0369441,Fun with Dick and Jane,2005
tt0879870,Eat Pray Love,2010
tt1620981,The Addams Family,2019
tt4513678,Ghostbusters: Afterlife,2021
tt0960144,You Don't Mess with the Zohan,2008
tt8912936,DC League of Super-Pets,2022
tt0427327,Hairspray,2007
tt0349683,King Arthur,2004
tt1302067,Yogi Bear,2010
tt2719848,Everest,2015
tt0259711,Vanilla Sky,2001
tt2543164,Arrival,2016
tt2369135,Need for Speed,2014
tt0356634,Garfield,2004
tt0129290,Patch Adams,1998
tt0100758,Teenage Mutant Ninja Turtles,1990
tt0099938,Kindergarten Cop,1990
tt1398426,Straight Outta Compton,2015
tt1232829,21 Jump Street,2012
tt0985699,Valkyrie,2008
tt0400717,Open Season,2006
tt0239395,Cats & Dogs,2001
tt0099810,The Hunt for Red October,1990
tt1854564,Percy Jackson: Sea of Monsters,2013
tt0313737,Two Weeks Notice,2002
tt1245526,RED,2010
tt9597838,Shock Wave 2,2020
tt0120632,City of Angels,1998
tt0395699,The Pacifier,2005
tt0343660,50 First Dates,2004
tt1386703,Total Recall,2012
tt8755316,The Island,2018
tt1649419,The Impossible,2012
tt2459022,Lost in Thailand,2012
tt4575576,Christopher Robin,2018
tt1351685,Jack the Giant Slayer,2013
tt2398241,Smurfs: The Lost Village,2017
tt13696296,Chinese Doctors,2021
tt0338459,Spy Kids 3: Game Over,2003
tt0258000,Panic Room,2002
tt2203939,The Other Woman,2014
tt0111282,Stargate,1994
tt0442933,Beowulf,2007
tt1606389,The Vow,2012
tt0305224,Anger Management,2003
tt0942385,Tropic Thunder,2008
tt5580390,The Shape of Water,2017
tt2066051,Rocketman,2019
tt0107798,The Pelican Brief,1993
tt3691740,The BFG,2016
tt6398184,Downton Abbey,2019
tt2361509,The Intern,2015
tt0312004,Wallace & Gromit: The Curse of the Were-Rabbit,2005
tt0377981,Gnomeo & Juliet,2011
tt0164184,The Sum of All Fears,2002
tt0217505,Gangs of New York,2002
tt4591310,The Monkey King 2,2016
tt1179904,Paranormal Activity,2009
tt9426210,Weathering with You,2019
tt3513498,The Lego Movie 2: The Second Part,2019
tt0455944,The Equalizer,2014
tt11210032,Sheep Without a Shepherd,2019
tt0101272,The Addams Family,1991
tt0398165,The Longest Yard,2005
tt13320622,The Lost City,2022
tt0111070,The Santa Clause,1994
tt0349205,Cheaper by the Dozen,2003
tt6324278,Abominable,2019
tt3766354,The Equalizer 2,2018
tt0164052,Hollow Man,2000
tt0114069,Outbreak,1995
tt8239806,The White Storm 2: Drug Lords,2019
tt0120902,The X Files,1998
tt3890264,Breakup Buddies,2014
tt0095956,Rambo III,1988
tt0359950,The Secret Life of Walter Mitty,2013
tt7183578,Project Gutenberg,2018
tt0077766,Jaws 2,1978
tt6294822,The Post,2017
tt2024544,12 Years a Slave,2013
tt0113277,Heat,1995
tt1396218,Mr. Popper's Penguins,2011
tt0391198,The Grudge,2004
tt0762107,I Now Pronounce You Chuck & Larry,2007
tt0119314,The Horse Whisperer,1998
tt0358273,Walk the Line,2005
tt4818250,Jian Bing Man,2015
tt0283426,The Jungle Book 2,2003
tt1144884,The Final Destination,2009
tt0230011,Atlantis: The Lost Empire,2001
tt0454848,Inside Man,2006
tt0120484,The Waterboy,1998
tt0970179,Hugo,2011
tt4765284,Pitch Perfect 3,2017
tt0409459,Watchmen,2009
tt0115685,The Birdcage,1996
tt0203009,Moulin Rouge!,2001
tt0029583,Snow White and the Seven Dwarfs,1937
tt1411704,Hop,2011
tt4651520,Bad Moms,2016
tt1617661,Jupiter Ascending,2015
tt0448011,Knowing,2007
tt0211181,102 Dalmatians,2000
tt4624424,Storks,2016
tt3331846,Stand by Me Doraemon,2014
tt1959563,The Hitman's Bodyguard,2017
tt1114740,Paul Blart: Mall Cop,2009
tt0105793,Wayne's World,1992
tt0110478,Maverick,1994
tt1667353,Mirror Mirror,2012
tt0120744,The Man in the Iron Mask,1998
tt0101540,Cape Fear,1991
tt0338094,The Haunted Mansion,2003
tt1717715,The Monkey King Havoc in Heavens Palace,2014
tt0114924,While You Were Sleeping,1995
tt0112579,The Bridges of Madison County,1995
tt5237980,From Vegas to Macau III,2016
tt0409182,Poseidon,2006
tt0116313,The First Wives Club,1996
tt11448076,Cliff Walkers,2021
tt0331632,Scooby-Doo 2: Monsters Unleashed,2004
tt0102059,Hot Shots!,1991
tt0257044,Road to Perdition,2002
tt0266697,Kill Bill: Vol. 1,2003
tt0277296,The Scorpion King,2002
tt0256415,Sweet Home Alabama,2002
tt5657846,Daddy's Home 2,2017
tt2119532,Hacksaw Ridge,2016
tt0453467,Deja Vu,2006
tt0112792,Dangerous Minds,1995
tt1645170,The Dictator,2012
tt0311429,The League of Extraordinary Gentlemen,2003
tt3410834,Allegiant,2016
tt0287978,Daredevil,2003
tt0101587,City Slickers,1991
tt1001508,He's Just Not That Into You,2009
tt1059786,Eagle Eye,2008
tt0343135,Along Came Polly,2004
tt0424095,Flushed Away,2006
tt0362120,Scary Movie 4,2006
tt0118928,Dante's Peak,1997
tt0388795,Brokeback Mountain,2005
tt0105112,Patriot Games,1992
tt0119137,Flubber,1997
tt1469304,Baywatch,2017
tt0150377,Double Jeopardy,1999
tt1568911,War Horse,2011
tt1536044,Paranormal Activity 2,2010
tt0251127,How to Lose a Guy in 10 Days,2003
tt0370263,Alien vs. Predator,2004
tt0299977,Hero,2002
tt0405422,The 40-Year-Old Virgin,2005
tt1327773,The Butler,2013
